[{"title":"Jurassic Park ","genre":"Sci-Fi/Adventure","year":"1993","actors":["Sam Neill","Laura Dern","Jeff Goldblum"]},
{"title":"Pulp Fiction","genre":"Action/Crime","year":"1994","actors":["John Travolta","Uma Thurman","Samuel L. Jackson"]},
{"title":"The Dark Knight","genre":"Crime/Drama","year":"2008","actors":["Christian Bale","Heath Ledger","Aaron Eckhart"]},
{"title":"Frozen","genre":"Animation/Musical","year":"2013","actors":["Kristen Bell","Idina Menzel","Josh Gad"]},
{"title":"The Godfather","genre":"Crime/Drama","year":"1972","actors":["Marlon Brando","Al Pacino","James Caan"]},
{"title":"Inception","genre":"Sci-Fi/Action","year":"2010","actors":["Leonardo DiCaprio","Joseph Gordon-Levitt","Ellen Page"]},
{"title":"Titanic","genre":"Romance/Drama","year":"1999","actors":["Leonardo DiCaprio","Kate Winslet","Billy Zane"]},
{"title":"The Shawshank Redemption","genre":"Drama","year":"1994","actors":["Tim Robbins","Morgan Freeman","Bob Gunton"]},
{"title":"Avatar","genre":"Sci-Fi/Adventure","year":"2009","actors":["Sam Worthington","Zoe Saldana","Sigourney Weaver"]},
{"title":"The Social Network","genre":"Biography/Drama","year":"2010","actors":["Jesse Eisenberg","Andrew Garfield","Justin Timberlake"]}]
